{"cameraMode":{"drawMode":0,"name":"Shaded","section":"Shading Mode"},"sceneLighting":true,"audioPlay":false,"sceneViewState":{"showFog":true,"showMaterialUpdate":true,"showSkybox":true,"showFlares":true,"showImageEffects":true,"showParticleSystems":true},"in2DMode":false,"pivot":{"x":315.370849609375,"y":188.94639587402345,"z":208.6861572265625},"rotation":{"x":-0.14944201707839967,"y":0.06283815950155258,"z":-0.009516874328255654,"w":-0.9867276549339294},"size":681.4994506835938,"orthographic":false}