{"cameraMode":{"drawMode":0,"name":"Shaded","section":"Shading Mode"},"sceneLighting":false,"audioPlay":false,"sceneViewState":{"showFog":true,"showMaterialUpdate":true,"showSkybox":false,"showFlares":true,"showImageEffects":true,"showParticleSystems":true},"in2DMode":false,"pivot":{"x":3.2167954444885256,"y":-2.3086471557617189,"z":2.832068920135498},"rotation":{"x":-0.2654573619365692,"y":0.29124221205711367,"z":-0.08447675406932831,"w":-0.9151913523674011},"size":95.5373306274414,"orthographic":false}